epoch,train_loss,train_top1,lr,train_n,val_loss,val_macro_f1,val_top1,val_balanced_acc,seconds,train_seconds,val_seconds
1,1.326323439435261,0.6350038109756098,0.001,10496,0.6300413279116613,0.7422190433311685,0.805484147386461,0.7564397333428169,72.74961749999784,53.98298437503399,18.766633124963846
2,0.894931979295684,0.8197408536585366,0.0009698463103929542,10496,0.4364756232447299,0.8237923476050092,0.8734647243644673,0.8068088577789294,71.66098812501878,53.71990679198643,17.941081333032344
3,0.7844298758157869,0.8714748475609756,0.000883022221559489,10496,0.3814632180621712,0.8552063680351155,0.8968866038274779,0.8356808293131185,69.08103283296805,50.745617042004596,18.335415790963452
4,0.7376224238698076,0.891577743902439,0.00075,10496,0.34387642138346847,0.8765221774539845,0.9071693801770923,0.8713648065653989,69.83334537502378,51.803910041984636,18.029435333039146
5,0.6882579617384004,0.9117759146341463,0.0005868240888334653,10496,0.31254960827250644,0.8943003598988306,0.9203084832904884,0.883057022984761,72.25347254099324,53.03911924996646,19.214353291026782
6,0.6528091895871047,0.9275914634146342,0.00041317591116653486,10496,0.2785447203867846,0.9133909063667259,0.9337332190802627,0.9023628579056064,73.42802295798901,55.65521908295341,17.772803875035606
7,0.6256522201910252,0.9399771341463414,0.0002500000000000001,10496,0.27106040897487876,0.9175366861804863,0.9385889745786918,0.9078272731875138,77.32034370896872,59.089728124963585,18.230615584005136
8,0.604069965641673,0.9487423780487805,0.00011697777844051105,10496,0.24906404628409076,0.9270725786708367,0.9445872607826336,0.9230219773919224,67.49342650000472,49.936047166993376,17.55737933301134
9,0.5913394834937119,0.9562690548780488,3.0153689607045842e-05,10496,0.2443431098651491,0.9304656604928611,0.9471579548700372,0.9225920241813649,68.029714083008,49.79875679104589,18.230957291962113
10,0.5883957002221084,0.9572217987804879,0.0,10496,0.24450813628620366,0.9313565812738894,0.9477292202227935,0.9213089017987873,67.8768639160553,50.15434287500102,17.72252104105428
