exp_id,method,model_checkpoint,checkpoint_sha256,K,resolution,input_size,temperature,macro_f1_val,top1_val,ece_val,nll_val,latency_p50_batch1_ms,latency_p95_batch1_ms,latency_p99_batch1_ms,throughput_images_s,relative_cost_vs_I00
I00,Một view,T05_ls_seed0/best.pt,aa34941b180862db283c4c952d8b7891349340da64725e1142fa0ede8422bbe6,1,128,128,1.0,0.931246790830467,0.9483004855755498,0.08694790666666666,0.2396264094725318,6.4396875386592,6.913210591301322,7.390416244161314,1792.1753207292425,1.0
I01,"Lật ngang, trung bình xác suất",T05_ls_seed0/best.pt,aa34941b180862db283c4c952d8b7891349340da64725e1142fa0ede8422bbe6,2,128,128,1.0,0.9284814425912941,0.9477292202227935,0.08767840880891173,0.23601328519826398,11.781478999182582,12.130118778441101,12.734169784816912,918.7267736147185,1.8295109705952581
I02,"Lật ngang, trung bình logit",T05_ls_seed0/best.pt,aa34941b180862db283c4c952d8b7891349340da64725e1142fa0ede8422bbe6,2,128,128,1.0,0.9287858330507235,0.9480148528991716,0.08755884484433016,0.23598525184968192,11.906229512533173,12.203814703389071,12.886360682314262,920.4168876810215,1.8488831082341854
I03,Năm crop 128 từ ảnh 160,T05_ls_seed0/best.pt,aa34941b180862db283c4c952d8b7891349340da64725e1142fa0ede8422bbe6,5,128,160,1.0,0.9379660571266876,0.953441873750357,0.09921932689517288,0.22361107284569343,29.29443700122647,31.051964114885777,32.73644434288144,377.16288618372766,4.549046335767687
I04,Một view 160,T05_ls_seed0/best.pt,aa34941b180862db283c4c952d8b7891349340da64725e1142fa0ede8422bbe6,1,160,160,1.0,0.9434138860750934,0.956583833190517,0.08760066139674388,0.20974277053281776,6.855458486825228,7.148946201778017,7.467740577994845,1168.120330857942,1.0645638387996377
I05,Một view 224,T05_ls_seed0/best.pt,aa34941b180862db283c4c952d8b7891349340da64725e1142fa0ede8422bbe6,1,224,224,1.0,0.9282616753625688,0.9445872607826336,0.08849580237075125,0.24429121434825424,7.475562975741923,7.849906120100059,8.264993238262832,618.4085260800084,1.160858027794684
I06,Ba scale 96/128/160,T05_ls_seed0/best.pt,aa34941b180862db283c4c952d8b7891349340da64725e1142fa0ede8422bbe6,3,128,128,1.0,0.911244172685696,0.9328763210511283,0.10453027731505281,0.2827044768702584,20.277396513847634,24.065423241700042,25.64313873590436,560.7941371501065,3.1488168318908167
I07,Một view + TS khớp NLL val,T05_ls_seed0/best.pt,aa34941b180862db283c4c952d8b7891349340da64725e1142fa0ede8422bbe6,1,128,128,0.6586967310964359,0.931246790830467,0.9483004855755498,0.009988860548414816,0.1741520962004459,6.527707970235497,6.881183182122186,7.139928768738172,1800.9842091587443,1.0136684320547986
I08,Một view 160 + TS khớp NLL val,T05_ls_seed0/best.pt,aa34941b180862db283c4c952d8b7891349340da64725e1142fa0ede8422bbe6,1,160,160,0.6325188143255821,0.9434138860750934,0.956583833190517,0.013259729685804099,0.13842337430715176,6.82166701881215,7.14318573300261,7.543220521183684,1164.8930289842917,1.0593164618407063
