p50,p95,p99,mean,n,warmups,gpu,dtype,batch,img_size,input_size,K,bn_fusion,torch,images_per_s,preprocessing_included,condition,configuration,method,temperature
6.4396875386592,6.913210591301322,7.390416244161314,6.494474861538038,50,10,Apple M4 (MPS),fp32,1,128,128,1,False,2.6.0,155.28703745278438,False,"Tensor đã chuẩn hóa trên GPU; gồm biến đổi view, forward, gộp và temperature/softmax; không đọc/resize/normalize ảnh CPU",I00,Một view,1.0
17.855395970400423,18.31568506313488,19.19549092650413,17.90328088332899,50,10,Apple M4 (MPS),fp32,32,128,128,1,False,2.6.0,1792.1753207292425,False,"Tensor đã chuẩn hóa trên GPU; gồm biến đổi view, forward, gộp và temperature/softmax; không đọc/resize/normalize ảnh CPU",I00,Một view,1.0
11.781478999182582,12.130118778441101,12.734169784816912,11.819324062671512,50,10,Apple M4 (MPS),fp32,1,128,128,2,False,2.6.0,84.87898676128707,False,"Tensor đã chuẩn hóa trên GPU; gồm biến đổi view, forward, gộp và temperature/softmax; không đọc/resize/normalize ảnh CPU",I01,"Lật ngang, trung bình xác suất",1.0
34.83081251033582,35.40245228505228,35.5354423209792,34.887491745175794,50,10,Apple M4 (MPS),fp32,32,128,128,2,False,2.6.0,918.7267736147185,False,"Tensor đã chuẩn hóa trên GPU; gồm biến đổi view, forward, gộp và temperature/softmax; không đọc/resize/normalize ảnh CPU",I01,"Lật ngang, trung bình xác suất",1.0
11.906229512533173,12.203814703389071,12.886360682314262,11.884168240940198,50,10,Apple M4 (MPS),fp32,1,128,128,2,False,2.6.0,83.98964583601746,False,"Tensor đã chuẩn hóa trên GPU; gồm biến đổi view, forward, gộp và temperature/softmax; không đọc/resize/normalize ảnh CPU",I02,"Lật ngang, trung bình logit",1.0
34.76685448549688,35.52196874807123,36.16517165617552,34.89329928182997,50,10,Apple M4 (MPS),fp32,32,128,128,2,False,2.6.0,920.4168876810215,False,"Tensor đã chuẩn hóa trên GPU; gồm biến đổi view, forward, gộp và temperature/softmax; không đọc/resize/normalize ảnh CPU",I02,"Lật ngang, trung bình logit",1.0
29.29443700122647,31.051964114885777,32.73644434288144,29.505032481392846,50,10,Apple M4 (MPS),fp32,1,128,160,5,False,2.6.0,34.136174044175455,False,"Tensor đã chuẩn hóa trên GPU; gồm biến đổi view, forward, gộp và temperature/softmax; không đọc/resize/normalize ảnh CPU",I03,Năm crop 128 từ ảnh 160,1.0
84.84397901338525,85.73584183468483,86.16525990131777,84.96045415871777,50,10,Apple M4 (MPS),fp32,32,128,160,5,False,2.6.0,377.16288618372766,False,"Tensor đã chuẩn hóa trên GPU; gồm biến đổi view, forward, gộp và temperature/softmax; không đọc/resize/normalize ảnh CPU",I03,Năm crop 128 từ ảnh 160,1.0
6.855458486825228,7.148946201778017,7.467740577994845,6.875474159605801,50,10,Apple M4 (MPS),fp32,1,160,160,1,False,2.6.0,145.86916424653333,False,"Tensor đã chuẩn hóa trên GPU; gồm biến đổi view, forward, gộp và temperature/softmax; không đọc/resize/normalize ảnh CPU",I04,Một view 160,1.0
27.39443801692687,28.25345855089836,28.606221520458348,27.413622479652986,50,10,Apple M4 (MPS),fp32,32,160,160,1,False,2.6.0,1168.120330857942,False,"Tensor đã chuẩn hóa trên GPU; gồm biến đổi view, forward, gộp và temperature/softmax; không đọc/resize/normalize ảnh CPU",I04,Một view 160,1.0
7.475562975741923,7.849906120100059,8.264993238262832,7.5081533554475754,50,10,Apple M4 (MPS),fp32,1,224,224,1,False,2.6.0,133.76918945703264,False,"Tensor đã chuẩn hóa trên GPU; gồm biến đổi view, forward, gộp và temperature/softmax; không đọc/resize/normalize ảnh CPU",I05,Một view 224,1.0
51.74572899704799,52.73655001656152,52.98335165716708,51.888109176652506,50,10,Apple M4 (MPS),fp32,32,224,224,1,False,2.6.0,618.4085260800084,False,"Tensor đã chuẩn hóa trên GPU; gồm biến đổi view, forward, gộp và temperature/softmax; không đọc/resize/normalize ảnh CPU",I05,Một view 224,1.0
20.277396513847634,24.065423241700042,25.64313873590436,20.723649156279862,50,10,Apple M4 (MPS),fp32,1,128,128,3,False,2.6.0,49.31599573530508,False,"Tensor đã chuẩn hóa trên GPU; gồm biến đổi view, forward, gộp và temperature/softmax; không đọc/resize/normalize ảnh CPU",I06,Ba scale 96/128/160,1.0
57.06193749210797,57.64228155312594,57.80263399123214,57.12315762182698,50,10,Apple M4 (MPS),fp32,32,128,128,3,False,2.6.0,560.7941371501065,False,"Tensor đã chuẩn hóa trên GPU; gồm biến đổi view, forward, gộp và temperature/softmax; không đọc/resize/normalize ảnh CPU",I06,Ba scale 96/128/160,1.0
6.527707970235497,6.881183182122186,7.139928768738172,6.565206659724936,50,10,Apple M4 (MPS),fp32,1,128,128,1,False,2.6.0,153.1931275969632,False,"Tensor đã chuẩn hóa trên GPU; gồm biến đổi view, forward, gộp và temperature/softmax; không đọc/resize/normalize ảnh CPU",I07,Một view + TS khớp NLL val,0.6586967310964359
17.768062505638227,18.47081683226861,19.15923426568042,17.878378336317837,50,10,Apple M4 (MPS),fp32,32,128,128,1,False,2.6.0,1800.9842091587443,False,"Tensor đã chuẩn hóa trên GPU; gồm biến đổi view, forward, gộp và temperature/softmax; không đọc/resize/normalize ảnh CPU",I07,Một view + TS khớp NLL val,0.6586967310964359
6.82166701881215,7.14318573300261,7.543220521183684,6.836206619627774,50,10,Apple M4 (MPS),fp32,1,160,160,1,False,2.6.0,146.5917344312313,False,"Tensor đã chuẩn hóa trên GPU; gồm biến đổi view, forward, gộp và temperature/softmax; không đọc/resize/normalize ảnh CPU",I08,Một view 160 + TS khớp NLL val,0.6325188143255821
27.470333501696587,28.30538535490632,28.36060918867588,27.52922084182501,50,10,Apple M4 (MPS),fp32,32,160,160,1,False,2.6.0,1164.8930289842917,False,"Tensor đã chuẩn hóa trên GPU; gồm biến đổi view, forward, gộp và temperature/softmax; không đọc/resize/normalize ảnh CPU",I08,Một view 160 + TS khớp NLL val,0.6325188143255821
