exp_id,class_label,class,test_count,precision,recall,f1,precision_std,recall_std,f1_std
F01,0,Chinee apple,226,0.9298371046180526,0.8805309734513275,0.9044502183937424,0.005827955423835992,0.022991824879232854,0.01466996320571301
F01,1,Lantana,213,0.9606733161932492,0.948356807511737,0.9543441905665334,0.015570965429189136,0.012421367657580186,0.003250091650916298
F01,2,Parkinsonia,207,0.953332197144424,0.9855072463768115,0.9691278833527922,0.007581341518111302,0.004830917874396101,0.002236864130248241
F01,3,Parthenium,205,0.983136293101181,0.9430894308943089,0.962645362430357,0.00745441387886033,0.010154468290078643,0.0027016050729313686
F01,4,Prickly acacia,213,0.9322461391766562,0.94679186228482,0.9394549308463916,0.009120621910372667,0.002710564644082789,0.0059400498719844605
F01,5,Rubber vine,202,0.9517303397006366,0.9422442244224422,0.946947687306044,0.011189005657381517,0.0057163392989071264,0.007450507167535186
F01,6,Siam weed,215,0.9642533722115544,0.9612403100775193,0.9626872402110852,0.0021055979147399624,0.016334346903647667,0.007341940546398393
F01,7,Snake weed,204,0.9207766332358364,0.869281045751634,0.8940831531402763,0.01750680059089804,0.020408490190844474,0.009412560249227542
F01,8,Negative,1822,0.9648728943646386,0.9789608488840101,0.971855465885894,0.006330092144719786,0.0016767565660284962,0.002586183494434537
T00,0,Chinee apple,226,0.8685980113624242,0.8731563421828908,0.8704839356661909,0.016684005012450636,0.028447347377560345,0.006415587791659142
T00,1,Lantana,213,0.9565678787975407,0.9264475743348983,0.9412216211872181,0.01665684721738094,0.002710564644082725,0.00852863211876904
T00,2,Parkinsonia,207,0.9562534977796181,0.9855072463768115,0.9706516987155837,0.007142926732094307,0.009661835748792258,0.007682144632952226
T00,3,Parthenium,205,0.9525067528992127,0.9463414634146341,0.9493976001060588,0.0060380769261788,0.014634146341463372,0.010124485698210794
T00,4,Prickly acacia,213,0.9269903072000755,0.9327073552425665,0.9298054722035868,0.008563826215339097,0.005421129288165514,0.0018557651206574657
T00,5,Rubber vine,202,0.9386951257939864,0.933993399339934,0.9363266750615211,0.012115217897195484,0.007562006097286823,0.009223195373789643
T00,6,Siam weed,215,0.96031681242457,0.937984496124031,0.9490157171912967,0.00550292084929571,0.007104768519311359,0.005976250949908106
T00,7,Snake weed,204,0.9168616019885875,0.8464052287581699,0.8801210371750295,0.004475361603020613,0.020408490190844474,0.010325277599718838
T00,8,Negative,1822,0.9604028019117404,0.9712769849981706,0.965802603424509,0.004588387265395297,0.001927488794887104,0.001681758778774763
