hang_val,exp_id,giai_doan,so_seed,macro_f1_val,p50_batch1_ms,p95_batch1_ms,chi_phi_so_I00,ghi_chu
1,F01,Chung kết val,3,0.9447050082521855,10.267458477756009,14.722529653226957,,Mean 3 seed; latency checkpoint seed 0; không chọn lại
2,I04,Inference,1,0.9434138860750934,6.855458486825228,7.148946201778017,1.0645638387996377,"50 mẫu, checkpoint sàng lọc"
3,I08,Inference,1,0.9434138860750934,6.82166701881215,7.14318573300261,1.0593164618407065,"50 mẫu, checkpoint sàng lọc"
4,I03,Inference,1,0.9379660571266876,29.29443700122647,31.051964114885777,4.549046335767687,"50 mẫu, checkpoint sàng lọc"
5,T05_ls,Training,1,0.931246790830467,,,,Chưa benchmark riêng
6,I00,Inference,1,0.931246790830467,6.4396875386592,6.913210591301322,1.0,"50 mẫu, checkpoint sàng lọc"
7,I07,Inference,1,0.931246790830467,6.527707970235497,6.881183182122186,1.0136684320547986,"50 mẫu, checkpoint sàng lọc"
8,I02,Inference,1,0.9287858330507236,11.906229512533171,12.203814703389073,1.8488831082341857,"50 mẫu, checkpoint sàng lọc"
9,T00,Chung kết val,3,0.928753316043481,9.715270512970164,10.25261250906624,,Mean 3 seed; latency checkpoint seed 0; không chọn lại
10,I01,Inference,1,0.928481442591294,11.781478999182582,12.1301187784411,1.829510970595258,"50 mẫu, checkpoint sàng lọc"
